{"stats":{"minecraft:crafted":{"iceandfire:copper_ingot":2,"minecraft:oak_planks":4,"minecraft:cooked_porkchop":3,"minecraft:diamond_axe":1,"minecraft:crafting_table":3,"minecraft:wooden_pickaxe":2,"minecraft:furnace":2,"minecraft:birch_planks":12,"minecraft:bread":45,"minecraft:cooked_mutton":1,"minecraft:air":0,"minecraft:diamond_pickaxe":1,"minecraft:stick":16,"minecraft:chest":2,"minecraft:iron_ingot":59,"minecraft:iron_pickaxe":1,"minecraft:stone_pickaxe":1,"minecraft:wooden_axe":1,"minecraft:iron_shovel":1,"minecraft:dark_oak_planks":48,"minecraft:wheat":135,"minecraft:diamond_chestplate":1},"minecraft:custom":{"minecraft:interact_with_furnace":20,"minecraft:mob_kills":18,"minecraft:interact_with_crafting_table":15,"minecraft:play_one_minute":84088,"minecraft:leave_game":4,"minecraft:time_since_death":817,"minecraft:sleep_in_bed":4,"minecraft:time_since_rest":850,"minecraft:sprint_one_cm":188137,"minecraft:damage_taken":4769,"minecraft:walk_one_cm":192829,"minecraft:drop":17,"minecraft:damage_dealt":4470,"minecraft:swim_one_cm":28013,"minecraft:fly_one_cm":255635,"minecraft:player_kills":4,"minecraft:open_chest":24,"minecraft:crouch_one_cm":12851,"minecraft:deaths":15,"minecraft:sneak_time":5220,"minecraft:walk_under_water_one_cm":6966,"minecraft:jump":1378,"minecraft:walk_on_water_one_cm":21159,"minecraft:horse_one_cm":2804,"minecraft:fall_one_cm":32601},"minecraft:used":{"minecraft:cooked_mutton":1,"minecraft:diorite":11,"minecraft:iron_shovel":75,"minecraft:stone_pickaxe":129,"minecraft:chest":2,"minecraft:wooden_pickaxe":105,"minecraft:diamond_axe":63,"minecraft:dirt":16,"minecraft:mutton":1,"minecraft:crafting_table":8,"minecraft:cyan_wool":4,"minecraft:granite":6,"minecraft:dark_oak_planks":1,"minecraft:wooden_axe":40,"minecraft:bread":12,"minecraft:iron_pickaxe":239,"minecraft:gravel":2,"minecraft:cobblestone":191,"minecraft:furnace":3,"minecraft:cooked_porkchop":3,"alexsmobs:animal_dictionary":1,"minecraft:brown_bed":3,"minecraft:experience_bottle":6},"minecraft:dropped":{"graveyard:tg_deepslate_brick_stairs":3,"graveyard:tg_cobbled_deepslate_stairs":1,"minecraft:cobblestone":1,"chococraft:gysahl_green_seeds":9,"minecraft:cooked_mutton":1,"tombstone:grave_dust":3,"minecraft:stone_brick_stairs":2,"minecraft:bone":9},"minecraft:picked_up":{"minecraft:birch_log":3,"graveyard:tg_cobbled_deepslate_stairs":1,"minecraft:crafting_table":6,"iceandfire:copper_ore":2,"minecraft:andesite":9,"minecraft:brown_bed":3,"minecraft:oak_log":1,"minecraft:stone_brick_stairs":4,"born_in_chaos_v1:black_argillite":2,"minecraft:dirt":76,"minecraft:cooked_mutton":1,"minecraft:zombie_head":1,"minecraft:bone":14,"chococraft:gysahl_green":6,"minecraft:wheat_seeds":3,"minecraft:iron_ingot":1,"minecraft:iron_ore":71,"minecraft:cyan_wool":4,"minecraft:iron_pickaxe":1,"minecraft:mossy_stone_brick_stairs":2,"minecraft:furnace":2,"tconstruct:copper_ore":9,"minecraft:oak_fence":2,"born_in_chaos_v1:ethereal_spirit":3,"minecraft:gravel":2,"minecraft:porkchop":4,"graveyard:tg_deepslate_brick_stairs":3,"chococraft:gysahl_green_seeds":12,"tombstone:grave_dust":3,"minecraft:diorite":11,"minecraft:redstone":148,"minecraft:dark_oak_log":12,"minecraft:dark_oak_planks":1,"minecraft:rotten_flesh":4,"minecraft:diamond":14,"minecraft:hay_block":15,"minecraft:granite":6,"minecraft:end_rod":1,"minecraft:mutton":4,"minecraft:coal":12,"minecraft:white_wool":3,"minecraft:cobblestone":293},"minecraft:killed_by":{"minecraft:player":2,"born_in_chaos_v1:restless_spirit":1,"minecraft:skeleton":1,"minecraft:creeper":1,"minecraft:zombie":4,"alexsmobs:grizzly_bear":1,"born_in_chaos_v1:scarlet_persecutor":2,"born_in_chaos_v1:fallen_chaos_knight":1,"born_in_chaos_v1:decaying_zombie":2},"minecraft:killed":{"minecraft:pig":3,"minecraft:spider":1,"tconstruct:sky_slime":1,"born_in_chaos_v1:decrepit_skeleton":2,"born_in_chaos_v1:scarlet_persecutor":3,"minecraft:skeleton":1,"minecraft:sheep":3,"minecraft:zombie":3,"born_in_chaos_v1:baby_skkl":1},"minecraft:mined":{"minecraft:dark_oak_planks":1,"minecraft:diamond_ore":14,"minecraft:dark_oak_log":12,"minecraft:oak_fence":2,"minecraft:crafting_table":6,"graveyard:tg_deepslate_brick_stairs":3,"minecraft:granite":6,"minecraft:grass_block":74,"born_in_chaos_v1:black_argillite":2,"minecraft:tall_grass":2,"minecraft:cobblestone":10,"minecraft:spruce_leaves":2,"minecraft:diorite":11,"minecraft:hay_block":15,"minecraft:cyan_wool":4,"minecraft:redstone_ore":34,"minecraft:furnace":2,"iceandfire:copper_ore":2,"minecraft:birch_log":3,"minecraft:iron_ore":60,"minecraft:andesite":9,"minecraft:brown_bed":1,"minecraft:stone_brick_stairs":2,"minecraft:grass":16,"minecraft:mossy_stone_brick_stairs":2,"chococraft:gysahl_green":3,"minecraft:oak_log":1,"minecraft:coal_ore":10,"minecraft:gravel":2,"minecraft:dirt":15,"minecraft:stone":282,"graveyard:tg_cobbled_deepslate_stairs":1,"minecraft:oak_leaves":3,"tconstruct:copper_ore":8},"minecraft:broken":{"minecraft:stone_pickaxe":1,"minecraft:wooden_axe":1,"minecraft:wooden_pickaxe":1}},"DataVersion":2586}