{"stats":{"minecraft:crafted":{"minecraft:oak_planks":64,"minecraft:crafting_table":1,"minecraft:stick":8,"minecraft:wooden_pickaxe":1,"minecraft:stone_pickaxe":1,"minecraft:stone_axe":1},"minecraft:used":{"minecraft:cooked_mutton":1,"minecraft:wooden_pickaxe":7,"minecraft:stone_axe":3,"minecraft:dirt":3,"minecraft:crafting_table":4,"minecraft:sweet_berries":7},"minecraft:custom":{"minecraft:time_since_rest":784,"minecraft:sprint_one_cm":137031,"minecraft:damage_taken":1495,"minecraft:walk_one_cm":65460,"minecraft:damage_dealt":338,"minecraft:swim_one_cm":1831,"minecraft:interact_with_crafting_table":4,"minecraft:fly_one_cm":106429,"minecraft:open_chest":1,"minecraft:crouch_one_cm":46,"minecraft:play_one_minute":28704,"minecraft:deaths":6,"minecraft:sneak_time":20,"minecraft:walk_under_water_one_cm":318,"minecraft:jump":744,"minecraft:leave_game":1,"minecraft:walk_on_water_one_cm":2843,"minecraft:time_since_death":233,"minecraft:fall_one_cm":16656},"minecraft:picked_up":{"minecraft:crafting_table":4,"minecraft:sweet_berries":6,"minecraft:oak_log":16,"chococraft:gysahl_green_seeds":11,"minecraft:dirt":8,"minecraft:bone":1,"chococraft:gysahl_green":33,"minecraft:poppy":2,"minecraft:sugar_cane":22,"minecraft:mutton":1,"minecraft:cobblestone":6},"minecraft:killed":{"minecraft:sheep":1},"minecraft:killed_by":{"born_in_chaos_v1:decaying_zombie":1,"born_in_chaos_v1:baby_skeleton":1,"minecraft:player":1,"born_in_chaos_v1:dread_hound":1,"alexsmobs:grizzly_bear":2},"minecraft:mined":{"minecraft:large_fern":2,"minecraft:sweet_berry_bush":3,"minecraft:crafting_table":4,"chococraft:gysahl_green":11,"minecraft:grass_block":3,"minecraft:oak_log":16,"minecraft:poppy":2,"minecraft:dirt":5,"minecraft:stone":6,"minecraft:sugar_cane":8,"minecraft:oak_leaves":12,"minecraft:fern":1}},"DataVersion":2586}