{"stats":{"minecraft:custom":{"minecraft:mob_kills":29,"minecraft:interact_with_crafting_table":27,"minecraft:open_barrel":19,"minecraft:damage_dealt_resisted":129,"minecraft:leave_game":1,"minecraft:time_since_death":11390,"minecraft:climb_one_cm":628,"minecraft:sprint_one_cm":275469,"minecraft:walk_one_cm":299987,"minecraft:drop":67,"minecraft:deaths":18,"minecraft:sneak_time":14435,"minecraft:walk_under_water_one_cm":21009,"minecraft:jump":2611,"minecraft:walk_on_water_one_cm":30098,"minecraft:interact_with_furnace":29,"minecraft:play_one_minute":121612,"minecraft:sleep_in_bed":4,"minecraft:time_since_rest":11418,"minecraft:damage_taken":7417,"minecraft:damage_dealt":5253,"minecraft:swim_one_cm":17540,"minecraft:fly_one_cm":318432,"minecraft:open_chest":17,"minecraft:crouch_one_cm":41829,"minecraft:fall_one_cm":62000},"minecraft:used":{"minecraft:stone_sword":85,"minecraft:spruce_planks":4,"minecraft:shield":47,"graveyard:moss_block":7,"minecraft:rotten_flesh":8,"minecraft:oak_door":1,"minecraft:torch":20,"minecraft:dirt":74,"minecraft:stripped_spruce_log":5,"chococraft:chocobo_drumstick_raw":1,"minecraft:wooden_axe":12,"minecraft:iron_axe":74,"iceandfire:copper_axe":5,"minecraft:hay_block":1,"minecraft:sweet_berries":37,"minecraft:furnace":2,"create:copper_ore":1,"minecraft:diorite":4,"minecraft:stone_pickaxe":129,"minecraft:oak_planks":6,"minecraft:wooden_pickaxe":59,"minecraft:crafting_table":6,"minecraft:white_bed":4,"minecraft:apple":4,"minecraft:bread":19,"minecraft:iron_pickaxe":135,"graveyard:tg_moss_block":3,"minecraft:spruce_sapling":1,"minecraft:cobblestone":112,"minecraft:andesite":5,"chococraft:gysahl_green":6,"alexsmobs:animal_dictionary":3},"minecraft:crafted":{"minecraft:oak_planks":56,"create:copper_ingot":29,"minecraft:furnace":1,"iceandfire:armor_copper_metal_leggings":1,"iceandfire:armor_copper_metal_helmet":1,"minecraft:cooked_mutton":3,"iceandfire:armor_copper_metal_boots":1,"iceandfire:copper_axe":1,"minecraft:iron_boots":1,"minecraft:iron_axe":1,"iceandfire:armor_copper_metal_chestplate":1,"minecraft:stone_pickaxe":1,"minecraft:chest":1,"tconstruct:skyroot_planks":28,"sophisticatedbackpacks:backpack":1,"minecraft:cooked_porkchop":1,"minecraft:crafting_table":2,"minecraft:spruce_planks":4,"minecraft:wooden_pickaxe":1,"minecraft:air":0,"minecraft:iron_chestplate":1,"minecraft:shield":1,"minecraft:stick":20,"minecraft:iron_pickaxe":1,"minecraft:iron_ingot":20,"minecraft:wooden_axe":1,"minecraft:stone_sword":1,"minecraft:iron_leggings":1,"minecraft:white_bed":1,"minecraft:torch":32,"create:zinc_ingot":2},"minecraft:dropped":{"minecraft:dark_oak_stairs":4,"tconstruct:sky_slime_dirt":2,"chococraft:lovely_gysahl_green":1,"minecraft:cooked_porkchop":1,"minecraft:iron_helmet":1,"chococraft:gysahl_green_seeds":2,"minecraft:spruce_stairs":1,"tconstruct:materials_and_you":2,"minecraft:ink_sac":13,"born_in_chaos_v1:monster_skin":1,"minecraft:wooden_axe":2,"minecraft:phantom_membrane":1,"minecraft:white_wool":2,"minecraft:bone":1,"minecraft:gravel":1,"minecraft:stone_axe":1,"alexsmobs:maggot":1,"minecraft:sweet_berries":1,"minecraft:stone_sword":1,"alexsmobs:animal_dictionary":4,"graveyard:moss_carpet":6,"minecraft:cooked_mutton":3,"minecraft:spruce_fence":4,"iceandfire:copper_axe":2,"aquaculture:catfish":1,"minecraft:spider_eye":2,"minecraft:wooden_pickaxe":1,"chococraft:gysahl_green":6},"minecraft:picked_up":{"minecraft:wooden_axe":1,"minecraft:crafting_table":4,"iceandfire:copper_ore":2,"aquaculture:catfish":1,"tconstruct:skyroot_log":16,"tconstruct:materials_and_you":1,"minecraft:wooden_pickaxe":1,"minecraft:string":25,"chococraft:lovely_gysahl_green":1,"minecraft:beef":10,"create:zinc_ore":6,"minecraft:phantom_membrane":1,"graveyard:moss_carpet":6,"minecraft:furnace":1,"minecraft:stick":6,"minecraft:oak_door":1,"minecraft:torch":4,"minecraft:spruce_stairs":1,"minecraft:spruce_fence":4,"minecraft:porkchop":6,"tconstruct:sky_slime_dirt":2,"minecraft:diorite":4,"minecraft:arrow":1,"minecraft:rotten_flesh":8,"minecraft:hay_block":1,"chococraft:chocobo_drumstick_raw":1,"graveyard:tg_moss_block":3,"minecraft:mutton":11,"minecraft:white_wool":8,"minecraft:cobblestone":126,"minecraft:andesite":5,"minecraft:leather":4,"minecraft:stripped_spruce_wood":1,"minecraft:oak_log":14,"minecraft:dirt":180,"born_in_chaos_v1:monster_skin":1,"chococraft:chocobo_feather":2,"minecraft:bone":2,"chococraft:gysahl_green":12,"create:copper_ore":16,"minecraft:iron_ore":20,"tconstruct:sky_slime_sapling":5,"minecraft:oak_planks":8,"minecraft:dark_oak_stairs":4,"tconstruct:copper_ore":37,"minecraft:sweet_berries":33,"iceandfire:copper_axe":1,"born_in_chaos_v1:ethereal_spirit":1,"minecraft:gravel":1,"chococraft:gysahl_green_seeds":2,"minecraft:stripped_spruce_log":9,"minecraft:spruce_sapling":1,"minecraft:ink_sac":11,"minecraft:white_bed":3,"graveyard:moss_block":7,"minecraft:spider_eye":2,"alexsmobs:animal_dictionary":3,"minecraft:stone_axe":1,"minecraft:bread":20,"alexsmobs:maggot":1,"minecraft:coal":95},"minecraft:broken":{"minecraft:wooden_pickaxe":1,"minecraft:stone_pickaxe":1,"minecraft:shield":1,"iceandfire:armor_copper_metal_leggings":1,"iceandfire:armor_copper_metal_chestplate":1,"iceandfire:armor_copper_metal_boots":1,"iceandfire:armor_copper_metal_helmet":1},"minecraft:killed":{"born_in_chaos_v1:restless_spirit":1,"minecraft:spider":2,"aquaculture:catfish":1,"minecraft:skeleton":1,"minecraft:pig":4,"born_in_chaos_v1:decrepit_skeleton":1,"minecraft:sheep":7,"minecraft:zombie":4,"born_in_chaos_v1:dread_hound":1,"chococraft:chocobo":1,"minecraft:cow":4},"minecraft:killed_by":{"minecraft:player":4,"born_in_chaos_v1:restless_spirit":1,"born_in_chaos_v1:decaying_zombie":2,"born_in_chaos_v1:bonescaller":1,"minecraft:zombie":1,"born_in_chaos_v1:zombieswith_door":1,"born_in_chaos_v1:dread_hound":3,"iceandfire:fire_dragon":1,"born_in_chaos_v1:zombieswith_door_n":1},"minecraft:mined":{"create:zinc_ore":6,"minecraft:white_bed":3,"minecraft:grass_block":27,"minecraft:spruce_leaves":19,"minecraft:spawner":2,"minecraft:large_fern":7,"minecraft:hay_block":1,"graveyard:moss_carpet":1,"minecraft:tall_seagrass":4,"minecraft:furnace":2,"iceandfire:copper_ore":2,"minecraft:iron_ore":21,"minecraft:andesite":5,"minecraft:stripped_spruce_log":7,"create:copper_ore":16,"chococraft:gysahl_green":3,"minecraft:stone":135,"tconstruct:sky_slime_dirt":3,"tconstruct:copper_ore":37,"minecraft:crafting_table":4,"minecraft:cobblestone":10,"minecraft:oak_planks":2,"minecraft:diorite":4,"minecraft:wall_torch":3,"minecraft:seagrass":1,"tconstruct:sky_slime_leaves":17,"minecraft:ice":1,"minecraft:sweet_berry_bush":14,"minecraft:birch_leaves":7,"tconstruct:skyroot_log":14,"minecraft:grass":3,"minecraft:oak_log":14,"minecraft:coal_ore":71,"minecraft:dirt":61,"minecraft:cobweb":24,"minecraft:oak_leaves":21,"minecraft:fern":4}},"DataVersion":2586}