{"stats":{"minecraft:used":{"minecraft:poppy":1,"minecraft:chest":2,"minecraft:shield":13,"minecraft:rotten_flesh":12,"minecraft:oak_door":3,"minecraft:torch":53,"minecraft:dirt":49,"minecraft:granite":32,"minecraft:wooden_axe":52,"minecraft:dark_oak_planks":16,"minecraft:iron_axe":61,"securitycraft:dirt_mine":2,"minecraft:furnace":1,"minecraft:brown_bed":1,"minecraft:cooked_mutton":3,"minecraft:stone_pickaxe":470,"minecraft:oak_planks":7,"minecraft:wooden_pickaxe":94,"minecraft:white_wool":2,"minecraft:crafting_table":14,"minecraft:white_bed":5,"minecraft:iron_pickaxe":227,"minecraft:stone_axe":65,"minecraft:cobblestone":211,"minecraft:cooked_porkchop":1,"minecraft:andesite":24,"alexsmobs:animal_dictionary":2},"minecraft:custom":{"minecraft:mob_kills":32,"minecraft:interact_with_crafting_table":33,"minecraft:leave_game":2,"minecraft:time_since_death":317,"minecraft:sprint_one_cm":248601,"minecraft:walk_one_cm":347510,"minecraft:drop":59,"minecraft:deaths":19,"minecraft:sneak_time":4677,"minecraft:walk_under_water_one_cm":36351,"minecraft:jump":2713,"minecraft:walk_on_water_one_cm":26798,"minecraft:interact_with_furnace":20,"minecraft:play_one_minute":207827,"minecraft:sleep_in_bed":15,"minecraft:time_since_rest":343,"minecraft:damage_taken":6032,"minecraft:damage_dealt":4412,"minecraft:swim_one_cm":3181,"minecraft:fly_one_cm":213221,"minecraft:player_kills":3,"minecraft:open_chest":17,"minecraft:crouch_one_cm":9090,"minecraft:fall_one_cm":61516},"minecraft:crafted":{"minecraft:oak_door":3,"securitycraft:mine":3,"minecraft:oak_planks":40,"minecraft:furnace":1,"minecraft:iron_boots":1,"minecraft:iron_axe":2,"minecraft:stone_pickaxe":5,"minecraft:chest":1,"minecraft:dark_oak_planks":144,"minecraft:crafting_table":3,"minecraft:wooden_pickaxe":2,"minecraft:iron_helmet":1,"minecraft:stone_axe":1,"securitycraft:dirt_mine":2,"minecraft:iron_chestplate":1,"minecraft:shield":1,"minecraft:stick":60,"minecraft:iron_pickaxe":1,"minecraft:iron_ingot":83,"minecraft:wooden_axe":1,"minecraft:iron_leggings":1,"minecraft:white_bed":1,"minecraft:torch":92},"minecraft:dropped":{"minecraft:porkchop":1,"minecraft:wheat_seeds":1,"minecraft:feather":12,"minecraft:cobblestone":4,"minecraft:granite":1,"minecraft:stick":12,"minecraft:flint":2,"tconstruct:materials_and_you":5,"minecraft:torch":3,"tconstruct:copper_ore":6,"tombstone:grave_dust":12,"minecraft:phantom_membrane":4,"minecraft:iron_axe":2,"minecraft:spruce_sapling":1,"minecraft:gravel":24,"minecraft:stone_axe":3,"alexsmobs:animal_dictionary":4,"minecraft:chicken":4,"iceandfire:silver_ore":6,"minecraft:spruce_fence":1,"create:scoria":3,"minecraft:wooden_pickaxe":4},"minecraft:picked_up":{"minecraft:crafting_table":13,"minecraft:chicken":4,"tconstruct:skyroot_log":12,"tconstruct:materials_and_you":5,"minecraft:wooden_pickaxe":4,"minecraft:brown_bed":1,"born_in_chaos_v1:black_argillite":11,"minecraft:iron_axe":1,"minecraft:poppy":1,"minecraft:chest":1,"minecraft:phantom_membrane":6,"minecraft:furnace":4,"minecraft:stick":7,"minecraft:oak_door":1,"minecraft:torch":46,"iceandfire:silver_ore":12,"minecraft:spruce_fence":1,"minecraft:porkchop":1,"tconstruct:sky_slime_dirt":18,"tombstone:grave_dust":11,"minecraft:diorite":14,"minecraft:redstone":38,"minecraft:dark_oak_planks":30,"tconstruct:sky_slime_ball":17,"minecraft:arrow":2,"minecraft:rotten_flesh":8,"create:scoria":3,"chococraft:chocobo_drumstick_raw":1,"minecraft:white_wool":7,"minecraft:cobblestone":495,"minecraft:feather":12,"minecraft:andesite":24,"minecraft:flint":2,"minecraft:oak_log":10,"minecraft:lapis_lazuli":26,"minecraft:dirt":129,"born_in_chaos_v1:monster_skin":1,"minecraft:cooked_mutton":3,"chococraft:chocobo_feather":1,"minecraft:bone":5,"create:copper_ore":1,"minecraft:iron_ingot":56,"minecraft:iron_ore":83,"tconstruct:sky_slime_sapling":1,"minecraft:oak_planks":16,"tconstruct:copper_ore":9,"minecraft:cooked_porkchop":1,"minecraft:gravel":40,"minecraft:spruce_sapling":1,"minecraft:white_bed":4,"minecraft:spruce_log":2,"minecraft:gold_ore":8,"minecraft:dark_oak_log":36,"alexsmobs:animal_dictionary":5,"minecraft:stone_axe":2,"minecraft:iron_helmet":1,"minecraft:granite":33,"minecraft:coal":68},"minecraft:broken":{"minecraft:wooden_pickaxe":1,"minecraft:stone_pickaxe":3,"minecraft:iron_helmet":1,"minecraft:wooden_axe":1},"minecraft:killed":{"born_in_chaos_v1:restless_spirit":1,"minecraft:spider":1,"tconstruct:sky_slime":15,"minecraft:skeleton":2,"minecraft:chicken":1,"minecraft:pig":1,"born_in_chaos_v1:decrepit_skeleton":3,"minecraft:sheep":3,"minecraft:zombie":1,"born_in_chaos_v1:zombieswith_door_n":1,"chococraft:chocobo":1},"minecraft:killed_by":{"minecraft:player":2,"born_in_chaos_v1:restless_spirit":1,"minecraft:pillager":1,"born_in_chaos_v1:baby_skkl":1,"graveyard:skeleton_creeper":1,"born_in_chaos_v1:decrepit_skeleton":2,"minecraft:zombie":3,"born_in_chaos_v1:diamond_thermite":2,"alexsmobs:grizzly_bear":1,"born_in_chaos_v1:zombieswith_door":1,"born_in_chaos_v1:dread_hound":1,"minecraft:vex":1},"minecraft:mined":{"minecraft:dark_oak_planks":3,"minecraft:white_bed":3,"iceandfire:silver_ore":8,"minecraft:dark_oak_leaves":15,"tconstruct:sky_slime_vine":3,"minecraft:dark_oak_log":42,"born_in_chaos_v1:infected_diamond_ore":3,"create:natural_scoria":3,"minecraft:granite":32,"minecraft:grass_block":8,"born_in_chaos_v1:black_argillite":11,"minecraft:spruce_leaves":4,"minecraft:large_fern":2,"minecraft:redstone_ore":9,"minecraft:furnace":1,"minecraft:iron_ore":84,"minecraft:andesite":24,"create:copper_ore":1,"minecraft:stone":427,"tconstruct:sky_slime_dirt":14,"minecraft:white_wool":1,"tconstruct:copper_ore":6,"tconstruct:sky_slime_tall_grass":1,"tconstruct:sky_sky_slime_grass":3,"minecraft:crafting_table":12,"minecraft:torch":5,"minecraft:poppy":1,"minecraft:chest":1,"minecraft:cobblestone":5,"minecraft:lapis_ore":3,"minecraft:diorite":14,"minecraft:wall_torch":9,"tconstruct:sky_slime_leaves":12,"minecraft:sweet_berry_bush":1,"minecraft:birch_leaves":5,"tconstruct:skyroot_log":8,"minecraft:grass":3,"minecraft:coal_ore":71,"minecraft:oak_log":10,"minecraft:gravel":6,"minecraft:dirt":80,"minecraft:gold_ore":8,"minecraft:oak_leaves":13,"minecraft:fern":2}},"DataVersion":2586}