{"stats":{"minecraft:used":{"minecraft:chest":3,"minecraft:iron_sword":209,"graveyard:moss_block":1,"minecraft:dirt":93,"minecraft:granite":9,"minecraft:obsidian":1,"minecraft:dark_oak_planks":2,"minecraft:iron_axe":134,"minecraft:golden_carrot":3,"securitycraft:dirt_mine":3,"minecraft:furnace":2,"tconstruct:sky_slime_bucket":4,"minecraft:beetroot_seeds":1,"minecraft:brown_bed":5,"minecraft:water_bucket":35,"minecraft:diorite":38,"minecraft:stone_pickaxe":131,"minecraft:oak_planks":7,"minecraft:wooden_pickaxe":42,"minecraft:tnt":2,"minecraft:crafting_table":7,"minecraft:red_mushroom":1,"minecraft:apple":1,"minecraft:bread":87,"minecraft:iron_pickaxe":1183,"graveyard:tg_moss_block":1,"minecraft:cobblestone":151,"minecraft:bucket":40,"chococraft:gysahl_green":14,"minecraft:yellow_bed":2,"alexsmobs:animal_dictionary":2},"minecraft:custom":{"minecraft:mob_kills":57,"minecraft:interact_with_crafting_table":36,"minecraft:open_barrel":6,"minecraft:leave_game":5,"minecraft:time_since_death":867,"minecraft:climb_one_cm":1314,"minecraft:sprint_one_cm":759939,"minecraft:walk_one_cm":497234,"minecraft:drop":17,"minecraft:deaths":18,"minecraft:sneak_time":22134,"minecraft:walk_under_water_one_cm":16825,"minecraft:jump":5538,"minecraft:walk_on_water_one_cm":29119,"minecraft:interact_with_furnace":43,"minecraft:play_one_minute":234152,"minecraft:sleep_in_bed":12,"minecraft:time_since_rest":891,"minecraft:damage_taken":9616,"minecraft:damage_dealt":10443,"minecraft:player_kills":4,"minecraft:fly_one_cm":1160811,"minecraft:swim_one_cm":43069,"minecraft:open_chest":58,"minecraft:crouch_one_cm":74560,"minecraft:fall_one_cm":110397},"minecraft:crafted":{"securitycraft:mine":3,"minecraft:oak_planks":36,"create:copper_ingot":3,"minecraft:furnace":9,"minecraft:diamond":1,"minecraft:iron_boots":1,"minecraft:iron_axe":1,"minecraft:stone_pickaxe":1,"minecraft:chest":3,"minecraft:dark_oak_planks":44,"sophisticatedbackpacks:iron_backpack":1,"minecraft:wheat":360,"sophisticatedbackpacks:backpack":1,"minecraft:crafting_table":5,"minecraft:wooden_pickaxe":2,"minecraft:iron_helmet":1,"minecraft:iron_sword":1,"minecraft:bread":120,"minecraft:air":0,"securitycraft:dirt_mine":3,"minecraft:iron_chestplate":1,"minecraft:iron_pickaxe":5,"minecraft:stick":24,"minecraft:iron_ingot":44,"minecraft:iron_leggings":1,"create:zinc_ingot":5},"minecraft:dropped":{"minecraft:bread":20,"born_in_chaos_v1:shattered_skull":1,"chococraft:dead_pepper":1,"minecraft:cobblestone":64,"minecraft:leather":4,"chococraft:gysahl_green_seeds":9,"minecraft:stick":7,"minecraft:rose_bush":1,"minecraft:sunflower":1,"minecraft:iron_pickaxe":3,"born_in_chaos_v1:fire_dust":8,"minecraft:white_bed":1,"minecraft:wooden_pickaxe":2},"minecraft:picked_up":{"minecraft:iron_chestplate":2,"minecraft:charcoal":3,"minecraft:crafting_table":2,"aquaculture:catfish":1,"tconstruct:materials_and_you":2,"minecraft:wooden_pickaxe":1,"minecraft:brown_bed":6,"minecraft:wither_rose":1,"minecraft:enchanted_book":1,"born_in_chaos_v1:black_argillite":18,"minecraft:string":23,"minecraft:blue_orchid":2,"minecraft:bucket":1,"graveyard:gravestone":1,"minecraft:beef":22,"create:zinc_ore":5,"minecraft:rose_bush":5,"minecraft:cyan_wool":2,"minecraft:iron_pickaxe":4,"minecraft:spruce_slab":3,"minecraft:sugar_cane":6,"minecraft:chest":8,"minecraft:phantom_membrane":1,"minecraft:iron_boots":3,"minecraft:stick":6,"minecraft:composter":1,"minecraft:oak_fence":2,"iceandfire:silver_ore":4,"tconstruct:sky_slime_dirt":1,"minecraft:carrot":3,"tombstone:grave_dust":3,"minecraft:diorite":68,"born_in_chaos_v1:pieceofdarkmetal":7,"born_in_chaos_v1:black_argillite_brick_stairs":2,"minecraft:redstone":53,"minecraft:light_blue_bed":1,"create:zinc_ingot":2,"minecraft:tnt":4,"tconstruct:sky_slime_ball":8,"minecraft:rotten_flesh":24,"born_in_chaos_v1:diamond_thermite_shard":24,"minecraft:beetroot_seeds":1,"minecraft:hay_block":40,"chococraft:chocobo_drumstick_raw":2,"graveyard:tg_moss_block":1,"minecraft:obsidian":6,"minecraft:cobblestone":983,"minecraft:leather_chestplate":1,"minecraft:golden_carrot":7,"minecraft:andesite":51,"minecraft:leather":10,"minecraft:red_mushroom":1,"minecraft:potato":10,"paraglider:spirit_orb":8,"minecraft:oak_log":9,"minecraft:yellow_bed":2,"create:gabbro_cobblestone":2,"minecraft:gunpowder":22,"minecraft:lapis_lazuli":46,"minecraft:dirt":146,"minecraft:name_tag":1,"born_in_chaos_v1:monster_skin":2,"chococraft:chocobo_feather":7,"minecraft:bone":24,"create:copper_ore":23,"chococraft:gysahl_green":50,"minecraft:apple":3,"chococraft:dead_pepper":3,"minecraft:wheat_seeds":10,"minecraft:iron_ingot":5,"minecraft:iron_ore":44,"minecraft:iron_sword":2,"minecraft:oak_planks":20,"minecraft:book":76,"minecraft:sweet_berries":8,"minecraft:dandelion":4,"minecraft:gravel":6,"minecraft:white_bed":1,"minecraft:mossy_stone_brick_slab":4,"chococraft:gysahl_green_seeds":17,"minecraft:ink_sac":1,"graveyard:moss_block":1,"minecraft:gold_ore":9,"minecraft:dark_oak_log":68,"alexsmobs:animal_dictionary":1,"minecraft:pumpkin_seeds":2,"minecraft:slime_ball":16,"born_in_chaos_v1:fire_dust":3,"minecraft:iron_helmet":1,"minecraft:granite":62,"minecraft:bread":65,"minecraft:emerald":5,"minecraft:oak_sapling":6,"minecraft:coal":74,"minecraft:sunflower":2},"minecraft:killed":{"born_in_chaos_v1:restless_spirit":1,"minecraft:spider":3,"minecraft:piglin":3,"born_in_chaos_v1:skeleton_bomb":1,"born_in_chaos_v1:decrepit_skeleton":2,"minecraft:zombie":3,"alexsmobs:cockroach":1,"born_in_chaos_v1:dread_hound":1,"born_in_chaos_v1:diamond_thermite":27,"born_in_chaos_v1:baby_skkl":2,"born_in_chaos_v1:zombieswith_door_n":1,"born_in_chaos_v1:firelight_n":1,"minecraft:cow":7,"chococraft:chocobo":3},"minecraft:killed_by":{"minecraft:player":2,"born_in_chaos_v1:restless_spirit":1,"born_in_chaos_v1:skeleton_thrasher_n":1,"born_in_chaos_v1:skeleton_bomb":1,"born_in_chaos_v1:diamond_thermite":5,"alexsmobs:grizzly_bear":1,"born_in_chaos_v1:zombieswith_door":1,"born_in_chaos_v1:dread_hound":1,"iceandfire:fire_dragon":3},"minecraft:broken":{"minecraft:leather_helmet":2,"minecraft:leather_leggings":1,"minecraft:iron_boots":1,"minecraft:iron_chestplate":1,"minecraft:iron_leggings":1,"minecraft:leather_chestplate":1,"minecraft:stone_pickaxe":1,"minecraft:iron_pickaxe":4,"minecraft:iron_helmet":1},"minecraft:mined":{"create:zinc_ore":5,"iceandfire:silver_ore":4,"minecraft:mossy_stone_brick_slab":4,"minecraft:dark_oak_log":37,"born_in_chaos_v1:infected_diamond_ore":17,"minecraft:granite":72,"minecraft:grass_block":22,"born_in_chaos_v1:black_argillite":22,"minecraft:spruce_leaves":3,"minecraft:spawner":2,"minecraft:large_fern":19,"minecraft:hay_block":41,"minecraft:tall_seagrass":3,"minecraft:redstone_ore":14,"iceandfire:copper_ore":1,"graveyard:tg_moss_block":1,"minecraft:iron_ore":44,"minecraft:fire":38,"born_in_chaos_v1:black_argillite_brick_stairs":2,"minecraft:andesite":51,"create:copper_ore":13,"minecraft:brown_bed":12,"minecraft:bookshelf":24,"chococraft:gysahl_green":19,"minecraft:bamboo":1,"minecraft:blue_orchid":1,"minecraft:stone":883,"tconstruct:earth_congealed_slime":3,"minecraft:spruce_slab":2,"tconstruct:sky_slime_tall_grass":1,"tconstruct:sky_sky_slime_grass":2,"minecraft:dandelion":2,"minecraft:crafting_table":2,"minecraft:chest":8,"minecraft:rose_bush":3,"minecraft:mushroom_stem":2,"minecraft:cobblestone":39,"minecraft:tall_grass":4,"graveyard:tg_grass_block":1,"born_in_chaos_v1:chipped_black_argillite_brick":1,"minecraft:lapis_ore":7,"minecraft:sugar_cane":2,"minecraft:oak_planks":4,"minecraft:diorite":62,"graveyard:gravestone":1,"minecraft:seagrass":4,"minecraft:cyan_wool":2,"minecraft:light_blue_bed":2,"minecraft:sweet_berry_bush":2,"minecraft:tnt":2,"minecraft:birch_leaves":4,"minecraft:yellow_bed":2,"graveyard:moss_block":1,"minecraft:wither_rose":1,"minecraft:grass_path":1,"minecraft:grass":28,"minecraft:coal_ore":44,"minecraft:oak_log":9,"create:gabbro":1,"minecraft:beetroots":1,"minecraft:gravel":10,"minecraft:dirt":56,"minecraft:cobweb":23,"minecraft:red_mushroom_block":2,"minecraft:gold_ore":9,"minecraft:oak_leaves":9,"minecraft:fern":2,"tconstruct:sky_congealed_slime":1}},"DataVersion":2586}